red,green,blue
243,2,187
200,89,0
147,118,80
30,103,73
222,205,78
81,238,221
65,224,187
178,251,22
28,154,202
82,60,37
167,38,168
222,231,210
249,137,157
199,135,66
139,121,71
144,189,254
192,236,15
229,46,176
22,98,195
208,170,31
49,199,202
242,18,125
93,7,16
127,53,69
99,170,128
42,215,15
120,130,77
196,107,72
213,169,56
167,174,15
24,83,44
126,193,109
204,23,130
222,238,133
195,222,141
128,74,5
67,155,5
182,240,160
115,196,153
32,245,30
129,118,202
153,73,201
104,71,35
2,25,162
241,237,85
51,87,240
241,34,176
35,34,66
32,65,34
52,131,33
20,224,99
72,179,240
227,11,196
93,138,131
196,205,15
89,153,54
119,28,172
30,26,51
51,215,124
159,105,170
31,217,232
87,65,177
253,244,25
83,158,215
139,115,1
119,138,128
186,120,20
69,167,122
110,163,88
90,35,132
44,111,120
200,82,54
148,175,65
66,252,188
45,193,238
148,12,136
30,61,254
10,98,1
71,57,61
178,209,125
135,238,191
235,165,7
71,210,125
94,60,195
175,103,4
31,76,39
69,145,224
85,54,212
235,167,133
186,196,56
204,113,33
76,5,201
23,51,164
26,130,77
158,185,19
199,164,199
75,242,154
14,4,243
57,74,154
22,160,221
252,241,233
176,75,30
221,16,179
76,187,67
135,52,42
162,193,154
243,158,138
211,34,72
67,101,157
6,186,198
146,25,48
156,144,45
171,139,249
176,212,33
20,144,63
30,196,41
0,157,138
30,40,67
71,7,183
212,245,31
100,202,194
123,13,92
74,82,113
1,111,117
1,187,28
238,10,55
184,40,247
226,197,14
191,205,98
3,27,123
40,181,201
106,179,71
82,71,139
150,76,43
141,70,237
124,39,35
23,140,93
195,254,132
170,103,140
178,44,151
203,154,56
18,172,37
217,124,186
231,185,78
10,154,144
159,47,181
158,111,141
219,179,162
99,24,41
4,128,169
220,166,243
155,134,18
194,191,49
19,127,104
144,241,249
158,130,202
61,154,136
9,132,209
209,118,100
207,112,105
156,235,152
23,183,94
188,90,124
167,1,199
70,138,184
40,48,207
139,54,240
142,193,182
151,2,221
220,47,140
113,118,244
112,37,250
154,38,80
69,44,84
13,242,26
148,207,98
129,25,200
22,22,22
182,202,225
112,134,29
123,66,137
215,195,149
237,156,158
96,103,12
91,135,77
55,25,104
54,224,170
157,105,149
72,228,184
0,91,162
252,186,54
245,127,200
134,28,14
4,240,179
238,116,230
228,0,114
199,176,32
246,150,8
253,180,238
3,151,234
218,199,156
69,85,150
82,224,19
14,23,48
99,231,223
112,155,81
43,229,122
206,162,89
250,163,51
143,48,181
165,140,146
222,200,80
1,14,86
106,50,35
83,216,181
199,38,26
175,34,27
109,145,37
155,121,151
29,58,236
159,253,91
108,7,24
37,108,182
122,228,6
96,142,6
63,44,174
219,61,235
210,68,185
192,28,2
80,253,93
162,1,129
127,50,229
80,202,195
243,144,64
164,55,42
243,11,246
73,134,65
182,166,200
130,142,103
223,63,186
77,176,248
213,70,4
86,177,87
56,251,197
222,208,15
124,149,168
85,233,90
241,176,37
118,229,39
164,238,30
201,146,45
8,127,246
84,101,161
145,243,68
109,92,190
6,71,152
224,27,67
126,78,185
212,79,124
46,70,95
205,230,126
114,177,116
2,57,28
215,75,128
203,8,10
81,76,235
194,31,173
168,38,192
158,9,244
10,110,118
102,112,74
42,183,196
80,96,17
86,163,60
76,176,54
111,248,209
19,96,167
7,13,50
238,192,38
44,39,238
226,218,234
73,76,243
158,89,159
229,146,122
135,13,94
31,30,2
166,15,93
100,70,139
122,10,17
89,105,19
137,155,46
216,26,67
58,37,55
253,128,151
14,72,7
223,91,154
186,150,240
105,80,61
231,57,86
129,115,166
209,233,131
104,96,110
96,95,8
156,13,118
219,206,83
177,104,108
58,11,129
156,194,46
213,11,147
128,196,105
157,58,188
130,41,162
175,247,139
90,31,22
220,33,210
187,198,139
230,94,86
152,212,202
240,120,152
155,99,202
83,195,20
153,6,120
2,28,133
46,139,71
6,9,16
8,78,174
132,83,97
229,177,123
136,237,56
62,242,180
43,75,13
16,246,35
223,40,105
170,132,118
122,11,42
253,96,190
8,82,79
117,210,62
130,50,154
157,101,222
67,6,161
54,240,229
151,9,167
21,220,1
162,59,15
0,213,232
90,34,17
168,127,98
98,116,99
226,115,45
100,48,226
239,209,69
222,132,151
209,85,178
77,248,181
45,101,115
185,217,247
52,0,236
136,57,181
103,100,246
143,40,113
165,226,40
160,52,29
219,11,135
222,52,210
178,156,246
185,202,227
83,129,244
228,233,70
182,207,62
134,117,181
177,220,202
199,49,29
37,166,203
213,2,18
181,245,59
142,48,104
40,186,238
183,186,231
36,175,140
171,162,91
47,75,71
91,20,89
192,66,206
126,165,196
40,248,222
172,223,137
203,25,69
138,65,5
150,79,176
241,120,49
145,123,135
251,195,148
254,118,250
244,189,57
252,154,131
22,236,214
137,93,150
98,55,36
236,59,124
48,131,77
93,80,140
62,7,76
46,219,53
43,223,41
82,72,121
201,233,157
13,35,156
219,31,82
65,109,139
112,96,37
11,65,111
220,116,78
238,239,211
161,236,83
42,215,218
177,231,238
192,158,105
248,248,248
135,241,91
54,48,151
178,234,222
194,234,150
52,233,235
143,190,189
95,7,49
245,30,23
2,250,110
239,209,96
171,75,50
9,51,55
137,124,112
33,211,198
224,114,28
25,25,54
95,165,139
31,60,63
118,233,194
65,193,151
208,172,97
187,123,158
174,126,123
110,197,6
191,6,142
7,25,120
98,134,9
79,18,222
205,17,180
226,36,132
62,192,61
165,57,234
7,221,204
217,32,89
75,144,176
196,73,221
216,227,200
86,106,196
143,127,181
74,71,228
238,179,26
93,0,46
159,201,242
77,252,50
180,21,102
166,239,214
98,23,162
182,83,141
61,19,155
244,114,8
200,127,191
135,202,57
226,13,93
72,219,39
59,2,26
204,188,12
137,178,193
2,184,50
28,31,200
188,23,46
99,176,142
105,133,162
68,15,2
74,73,225
88,9,114
17,91,221
149,170,177
239,157,148
151,67,112
214,99,147
41,16,222
139,231,168
251,150,200
93,69,220
144,249,131
151,131,63
181,240,51
244,222,11
42,118,173
86,236,35
235,156,198
204,61,253
14,147,113
252,61,53
170,123,151
37,194,141
227,50,54
126,153,140
54,152,89
163,245,72
108,10,148
233,98,22
53,214,189
108,19,57
98,44,76
148,232,0
54,89,226
118,126,188
44,159,110
24,251,225
126,158,123
12,75,17
248,14,14
167,147,124
235,121,223
37,153,204
184,49,202
137,2,76
90,95,69
121,254,2
227,215,133
108,136,107
185,98,173
176,229,54
160,246,132
142,163,90
236,115,189
198,253,109
45,133,157
8,8,8
59,121,144
186,42,67
186,131,56
99,54,33
239,186,107
221,87,124
38,51,155
9,242,119
220,117,42
228,91,251
34,18,176
127,23,32
147,127,137
22,5,127
193,6,200
91,208,4
208,86,171
89,18,17
216,161,2
34,28,120
86,76,42
34,251,11
5,68,238
199,150,175
16,76,160
155,224,198
101,59,171
121,41,213
217,220,17
9,199,98
194,84,20
78,150,130
202,43,125
57,202,118
143,124,42
36,179,116
103,183,197
68,2,98
61,79,35
42,78,112
166,161,231
116,63,143
110,24,158
78,176,96
30,30,30
177,27,168
109,32,65
230,164,18
60,11,184
145,237,37
169,90,236
133,245,196
235,205,50
42,24,198
240,193,220
114,252,105
42,190,109
30,182,136
199,119,63
182,58,25
136,11,8
229,240,86
54,218,38
177,157,0
47,131,241
217,169,48
179,20,74
74,207,0
78,150,192
86,121,216
194,65,149
25,25,25
40,177,88
142,27,154
172,107,134
225,61,177
229,242,104
24,203,14
161,61,212
105,1,81
28,103,163
33,253,214
175,120,141
171,44,60
82,157,53
1,119,93
2,154,92
80,157,208
40,144,123
140,180,78
42,163,45
80,81,146
54,240,180
147,44,106
8,144,214
153,252,9
247,161,226
57,58,53
181,38,88
149,109,5
199,48,166
177,177,233
223,56,179
138,191,21
149,151,166
241,186,75
10,155,98
207,99,139
14,14,14
243,141,232
4,249,212
11,213,23
206,207,0
101,225,73
16,229,246
5,254,190
24,0,170
158,130,17
147,220,188
156,148,122
36,228,221
71,207,115
239,250,204
227,203,237
16,84,128
232,105,219
36,230,196
17,161,220
233,166,102
254,33,129
9,199,223
98,102,136
131,78,206
105,34,192
55,106,78
50,176,84
53,231,115
137,172,254
206,97,234
84,56,104
72,60,249
122,148,200
122,162,121
147,92,179
5,253,113
186,65,95
218,67,159
35,217,126
34,78,120
65,196,72
217,90,158
60,29,223
148,237,158
174,105,148
202,45,239
83,34,56
55,170,104
66,121,125
71,45,228
59,183,152
49,63,155
239,16,80
152,38,20
37,172,226
56,111,48
60,141,239
236,144,4
28,128,154
237,69,233
74,37,13
84,52,12
212,57,132
121,110,237
33,147,182
220,120,90
219,183,137
193,61,67
82,245,84
250,72,91
94,250,212
219,182,121
210,33,190
223,202,60
199,249,13
56,132,76
99,68,115
143,190,77
249,254,73
80,57,134
225,235,44
180,98,113
91,206,23
55,213,44
30,36,152
113,20,240
254,209,216
102,237,215
65,175,153
30,90,181
159,134,133
30,241,174
177,73,58
44,171,115
197,6,75
71,26,84
248,58,166
246,213,107
48,176,176
30,13,225
123,1,101
15,143,148
87,92,73
38,43,176
55,176,99
180,239,191
88,35,56
53,171,67
130,2,12
247,152,179
126,111,138
69,17,9
150,170,0
102,223,225
175,231,120
4,118,254
95,249,62
228,204,106
18,102,13
96,70,210
87,141,17
117,129,227
255,255,255
83,77,94
126,151,191
234,0,200
39,63,13
128,215,115
199,19,240
96,217,73
240,9,102
151,212,63
125,210,134
26,225,54
248,90,188
72,228,88
125,230,125
28,220,191
210,235,238
153,221,50
195,19,178
202,37,179
61,125,220
108,115,78
144,12,130
123,197,181
3,77,95
151,16,210
80,239,61
217,139,82
246,25,203
70,76,131
208,211,132
137,234,236
55,99,233
202,243,113
143,72,72
120,117,167
41,121,144
226,158,50
80,144,186
100,227,214
159,254,130
138,40,96
134,0,144
158,40,123
81,129,72
225,39,120
61,107,10
215,50,118
236,222,32
167,34,126
177,200,52
148,246,49
203,96,138
214,218,6
160,10,179
90,136,164
42,155,150
103,246,139
70,213,238
156,184,6
90,3,81
103,13,198
143,206,3
79,181,181
100,224,128
202,216,4
72,226,237
92,204,186
117,144,58
174,254,185
10,90,221
243,215,47
70,185,234
250,130,52
234,160,203
227,226,78
119,106,224
158,64,204
120,166,44
156,57,148
52,236,137
254,220,113
158,220,103
117,243,232
27,75,20
128,203,17
109,175,89
96,76,119
33,118,240
252,136,167
209,88,154
80,211,161
205,26,7
155,107,84
230,187,182
187,38,182
56,55,168
18,228,159
241,79,85
153,24,16
24,14,184
49,122,251
230,20,233
190,131,220
69,127,104
59,75,146
83,216,166
207,140,138
38,88,115
34,118,119
17,206,238
144,37,186
251,251,251
36,154,98
38,33,184
120,39,241
43,166,96
244,166,249
135,54,60
152,205,156
77,127,12
169,91,237
244,183,196
145,215,190
137,167,7
174,98,90
134,98,105
25,237,82
164,86,80
217,161,45
244,188,136
130,216,82
104,201,141
145,183,215
96,190,159
44,183,126
253,102,17
168,88,204
229,185,186
123,90,35
161,41,187
129,247,163
57,211,130
244,59,141
120,41,87
203,79,213
154,136,42
98,61,192
155,86,194
128,214,109
3,27,98
252,147,11
254,234,15
238,32,10
201,217,211
212,57,141
123,11,192
246,150,170
173,214,184
182,88,185
151,67,146
197,115,185
32,2,80
25,124,117
85,172,165
114,49,108
133,87,102
56,222,251
191,44,95
145,90,197
140,199,15
68,22,226
171,120,74
159,122,90
20,3,220
149,210,26
127,186,117
143,47,192
160,211,139
94,82,115
51,219,239
92,173,251
104,124,76
112,239,33
123,202,242
1,64,10
221,172,11
72,160,172
249,135,7
125,76,76
78,56,156
89,91,88
170,233,93
120,112,58
21,84,50
172,13,155
94,209,155
126,197,79
177,170,46
50,151,31
114,172,192
88,122,47
248,18,253
252,121,16
75,135,69
54,164,244
117,184,169
43,59,201
13,179,75
121,185,174
107,141,23
181,87,55
135,133,53
11,96,157
210,3,107
140,21,1
151,240,183
243,47,5
40,183,107
108,185,33
212,133,249
170,196,226
223,36,62
92,64,152
9,240,109
103,246,245
38,22,55
136,37,81
51,159,151
175,17,31
137,87,210
244,188,53
96,245,170
182,111,149
208,215,46
123,29,84
220,16,51
202,141,221
241,200,68
128,35,112
93,75,199
84,24,253
147,226,98
239,83,119
55,34,79
1,152,135
48,8,190
165,252,169
28,202,174
32,123,0
239,46,113
165,27,225
128,229,242
150,64,159
213,173,206
184,79,189
91,30,24
113,206,41
1,183,2
165,232,92
199,210,240
20,76,214
122,232,125
143,152,131
96,165,16
148,152,109
133,73,38
174,224,32
151,33,123
134,5,106
117,146,100
8,51,172
16,103,114
70,111,148
17,66,205
99,105,215
92,81,143
69,217,184
223,51,246
19,47,224
169,111,77
154,10,106
13,191,8
50,56,70
241,85,185
79,233,174
156,178,241
78,16,43
184,165,227
29,74,18
84,111,219
53,78,247
39,254,78
252,11,175
223,176,136
107,9,42
198,141,127
49,194,108
30,134,127
165,211,10
23,157,87
240,12,23
212,154,116
73,81,190
211,139,46
150,23,109
167,202,217
60,75,217
220,44,190
206,137,120
112,137,241
175,23,169
178,142,35
56,79,48
218,115,114
171,48,176
117,181,80
102,175,198
146,101,171
175,73,229
33,170,114
187,191,105
212,171,201
67,158,238
99,55,99
153,96,246
217,199,206
112,243,206
130,22,117
113,18,24
144,160,44
225,121,163
47,50,83
212,54,102
206,160,164
247,41,136
103,4,68
195,27,233
191,140,49
139,230,40
52,166,55
180,24,96
64,57,99
163,90,112
157,48,38
57,110,8
155,180,197
43,238,160
87,68,246
234,192,54
152,74,178
133,70,123
98,93,244
131,219,34
152,188,212
30,57,136
236,197,217
205,137,120
150,5,48
158,135,55
200,29,207
23,126,174
46,47,138
96,188,23
68,151,12
154,188,253
41,191,51
84,5,56
221,211,11
31,16,208
78,92,46
106,158,65
51,36,94
22,158,153
213,157,24
194,35,46
167,125,144
222,101,221
18,152,65
211,123,156
68,11,230
57,8,239
234,205,4
64,216,173
252,78,204
190,107,197
211,175,38
54,187,79
168,131,253
218,90,88
89,48,254
62,219,97
122,30,207
231,34,148
5,157,8
155,161,234
170,15,149
76,64,174
200,75,168
118,152,7
187,214,141
130,85,99
38,15,233
77,79,224
236,205,112
199,55,233
213,129,26
102,16,115
134,3,207
79,43,164
253,237,145
119,192,150
34,129,50
231,217,31
119,22,188
44,8,44
140,96,31
224,126,98
246,17,174
121,6,115
167,8,108
177,151,103
244,245,191
22,183,209
25,124,59
23,18,242
122,171,104
252,167,138
126,26,74
18,89,92
114,2,158
43,77,186
42,195,33
27,203,3
230,89,203
4,120,165
239,133,203
151,176,5
53,40,200
168,100,177
152,2,147
42,82,224
17,84,242
190,210,31
106,151,32
138,218,133
146,224,12
16,161,94
204,206,32
195,241,142
178,192,173
9,67,92
135,37,59
178,99,200
182,94,107
45,193,250
214,79,12
74,148,136
38,186,172
95,80,194
31,174,178
120,181,117
43,112,181
183,58,214
221,153,34
43,66,57
235,248,168
166,199,120
62,169,29
163,223,172
162,215,94
183,16,203
211,104,76
137,171,143
140,2,61
84,62,22
217,19,62
215,182,164
226,81,197
66,163,15
78,104,112
118,253,28
73,22,211
135,190,83
34,30,151
21,164,143
111,190,35
46,137,135
130,81,222
205,60,59
183,159,183
145,124,198
79,90,5
52,143,129
123,239,227
126,242,126
95,189,94
138,96,202
72,86,125
231,12,234
129,176,136
204,192,222
126,130,102
18,231,52
205,113,208
136,89,24
185,245,115
100,156,22
99,176,171
228,153,102
28,49,49
41,0,88
5,125,250
22,241,180
223,194,170
57,12,90
242,242,242
44,170,75
214,145,138
181,150,5
181,93,205
180,7,8
50,1,200
133,11,240
180,93,87
181,65,11
78,5,106
38,3,64
168,29,112
114,24,32
59,171,203
56,48,124
151,123,171
2,241,114
26,86,254
92,56,162
247,111,184
187,86,93
154,29,203
159,104,239
199,67,146
48,97,158
50,179,77
62,89,52
99,213,147
65,20,242
110,176,82
55,210,178
211,112,18
39,185,204
231,15,60
23,209,25
117,98,42
79,130,145
112,27,125
64,57,165
128,92,147
35,195,133
84,71,199
213,179,7
140,200,51
66,27,207
216,126,156
42,148,44
237,45,66
116,197,151
4,222,240
19,85,197
21,190,180
92,91,189
115,84,230
38,108,14
104,153,93
219,181,60
175,252,225
93,169,15
85,156,205
249,67,100
74,133,239
144,14,250
211,164,166
149,224,105
144,232,125
192,29,190
194,121,12
249,28,30
230,171,202
125,253,242
168,254,29
197,16,198
197,204,251
210,9,219
238,122,164
204,7,233
9,233,142
154,244,93
56,21,170
155,94,136
232,26,83
66,49,81
29,9,210
24,38,64
95,58,22
4,204,159
167,88,12
131,53,231
172,19,211
214,57,42
248,202,162
126,8,100
216,47,113
170,140,189
210,191,64
27,223,203
143,132,11
167,138,168
219,190,123
177,201,7
228,170,197
189,123,61
137,129,187
123,99,207
37,254,62
140,20,70
136,8,149
45,158,151
38,109,215
29,140,239
62,216,249
19,96,217
242,75,245
248,182,91
180,121,193
164,85,127
249,228,246
150,16,150
75,44,233
92,62,187
175,184,216
78,31,131
134,208,197
80,244,186
45,140,174
242,34,9
39,74,239
188,69,250
76,90,52
27,46,80
72,160,6
211,251,116
150,198,226
115,10,109
198,211,84
4,4,4
155,138,85
57,106,55
247,152,9
100,178,110
240,37,12
5,94,187
204,193,194
67,90,56
107,128,105
148,204,228
237,112,162
228,137,201
133,83,14
164,240,229
106,223,19
196,238,147
76,21,88
51,55,168
251,158,192
201,34,192
56,210,11
195,248,212
82,201,194
208,189,64
128,184,125
131,102,145
122,185,144
171,3,196
140,95,114
32,173,192
64,30,176
40,126,239
35,208,254
216,195,182
78,11,87
252,63,74
7,241,108
62,163,10
204,86,66
89,87,247
117,128,20
227,47,197
195,165,161
113,107,101
199,241,116
108,232,253
125,114,45
238,100,240
210,130,229
42,209,147
237,201,165
61,206,223
150,227,217
119,43,184
35,9,61
216,22,161
110,145,63
208,234,81
75,95,153
229,221,219
53,244,168
189,174,180
37,89,145
211,136,229
234,43,221
65,137,194
44,37,113
156,14,102
119,253,248
254,59,17
105,58,150
210,7,192
134,224,20
173,170,217
232,142,214
59,160,198
17,31,114
133,123,7
237,110,6
39,72,174
188,184,254
91,92,35
42,49,89
150,11,123
10,10,10
200,170,83
167,103,239
235,117,77
185,51,152
177,114,197
77,211,119
26,121,111
238,22,88
186,196,69
182,197,244
96,122,10
7,193,177
29,135,239
176,71,118
51,211,236
111,9,61
231,234,253
90,177,236
25,75,185
229,179,93
104,29,160
60,54,141
107,250,65
108,245,213
230,217,198
180,47,95
11,22,238
54,9,125
179,187,112
191,170,128
250,105,207
78,100,100
66,39,240
209,144,163
73,104,91
151,19,38
121,169,114
251,118,190
236,168,122
23,53,187
13,96,217
234,33,226
134,195,178
153,136,47
174,101,34
77,131,144
60,183,160
208,188,98
181,244,156
28,67,150
38,187,202
203,15,197
240,24,223
216,96,179
242,244,32
58,249,250
110,157,7
54,100,55
204,48,145
6,167,6
198,49,48
236,48,119
116,178,84
69,247,47
175,8,206
56,14,103
14,78,212
63,174,155
97,173,254
92,225,153
75,81,82
101,76,21
120,26,5
47,246,79
53,205,95
237,23,6
169,36,216
44,245,201
15,231,6
79,215,9
68,175,129
234,223,24
5,216,250
248,146,52
84,28,88
140,133,31
156,108,188
151,70,222
26,39,223
185,125,30
184,181,152
141,26,42
98,18,208
135,239,84
158,40,156
18,137,107
103,94,59
44,245,106
123,49,70
197,138,99
40,216,20
162,4,242
182,38,81
159,137,185
122,53,66
248,225,249
98,176,34
2,83,31
122,161,194
245,245,245
93,147,10
150,239,1
110,52,233
190,21,51
227,82,89
83,125,247
219,29,246
71,125,226
161,121,194
244,182,79
127,31,227
243,33,165
253,132,131
235,121,245
219,124,89
65,250,78
189,215,116
35,62,139
26,228,20
235,29,63
245,80,23
241,241,241
51,53,126
57,2,202
134,12,245
226,147,80
11,185,108
240,29,94
225,179,100
172,15,121
78,236,28
93,252,227
132,244,146
44,61,6
116,72,123
23,83,178
253,208,44
52,231,127
5,5,13
69,174,48
232,84,65
114,247,58
27,65,68
136,89,29
98,217,127
111,2,142
206,178,16
111,195,145
37,105,217
81,217,107
57,252,77
144,0,13
108,39,243
50,179,187
221,205,218
217,75,125
77,88,135
189,200,187
104,42,222
229,58,166
132,184,49
205,82,83
166,195,189
164,131,253
150,10,91
3,164,157
123,228,219
165,14,9
104,114,28
52,199,166
152,240,120
71,194,87
239,41,160
138,116,207
87,45,45
222,220,238
19,96,163
105,105,152
187,171,46
152,71,241
70,129,119
247,183,133
93,16,175
18,110,81
70,48,97
158,56,220
19,79,239
171,109,233
80,125,31
82,135,138
12,59,27
54,207,118
250,202,110
27,105,199
60,251,9
49,71,185
180,80,176
189,225,173
23,182,45
53,129,126
24,24,172
83,8,154
121,227,174
164,13,82
241,99,2
162,183,153
94,35,55
12,186,241
48,119,92
215,189,51
83,53,160
136,240,44
81,53,243
53,57,242
135,67,99
227,129,70
189,248,77
80,20,161
119,228,86
13,7,61
210,20,99
52,253,13
148,139,144
145,63,30
108,205,107
106,232,228
88,177,62
107,243,179
189,176,243
158,195,193
40,113,108
140,248,129
246,187,184
170,150,45
178,127,182
158,7,227
99,199,119
35,166,151
159,232,93
165,142,47
59,176,51
71,48,186
40,209,172
132,225,214
47,234,34
199,106,189
126,84,114
81,234,68
98,119,89
233,194,130
123,108,217
22,110,149
29,45,157
170,122,66
12,12,12
59,127,221
89,162,157
148,25,167
235,153,98
65,58,137
81,53,41
104,252,131
219,230,205
33,197,76
97,246,161
247,234,78
72,153,14
166,182,179
31,103,26
101,63,191
83,214,118
248,83,152
37,173,143
79,93,14
141,69,124
69,42,138
13,24,227
32,131,41
217,244,200
100,80,75
39,247,180
93,192,120
17,2,149
248,33,25
127,120,147
118,48,141
2,124,174
211,201,78
125,248,226
169,68,106
200,199,178
132,83,175
218,29,37
112,9,205
151,170,241
96,182,215
151,162,25
164,178,187
151,87,106
253,61,96
55,119,99
138,63,14
85,169,225
43,142,144
184,56,27
140,4,196
193,203,232
67,249,156
23,76,62
168,172,202
165,158,189
130,110,103
83,113,164
92,39,137
250,146,229
204,215,214
192,84,147
174,224,78
212,45,202
244,79,164
86,131,247
21,30,203
25,4,207
204,234,179
96,143,232
137,126,204
192,2,179
119,78,38
222,141,177
230,142,212
92,171,112
80,215,10
62,56,86
176,207,27
199,204,125
140,53,72
232,248,219
194,49,174
197,30,165
217,122,209
172,123,134
54,227,43
94,108,178
13,23,218
56,39,16
116,3,64
19,17,155
196,45,74
37,53,135
20,62,143
148,176,246
20,182,198
246,152,235
106,179,90
128,204,139
22,102,11
98,131,210
161,34,26
76,155,133
154,124,203
207,236,163
195,14,158
83,12,19
106,104,244
167,32,199
29,99,25
204,201,167
91,124,186
196,138,75
40,77,77
187,237,228
123,223,68
98,140,132
162,150,163
167,233,242
234,227,148
135,57,105
121,182,116
95,19,118
147,74,30
33,81,47
93,72,48
38,179,21
162,82,191
145,113,99
34,20,193
221,19,183
40,226,118
67,199,175
120,229,130
97,192,125
197,198,220
186,39,148
75,50,187
170,145,169
155,6,189
23,69,193
103,248,71
13,116,173
44,94,70
35,175,221
74,229,229
122,80,56
189,85,242
182,20,52
152,237,10
168,80,115
232,25,149
138,168,47
38,113,8
135,193,151
224,171,142
219,92,1
89,242,159
50,238,36
235,222,57
46,1,77
105,248,132
124,45,129
93,108,230
235,247,22
163,173,190
86,34,199
242,82,168
183,187,187
195,22,76
226,188,77
46,178,202
39,239,161
2,254,155
104,152,174
129,122,32
166,220,150
29,144,102
68,45,203
201,0,224
153,71,178
247,192,201
158,169,224
51,26,9
136,214,22
65,125,123
154,146,130
126,38,126
165,114,41
224,89,16
119,51,145
1,224,138
60,159,27
171,202,92
227,195,73
125,100,242
75,52,209
179,71,6
210,113,173
241,94,239
217,229,138
125,159,86
102,193,87
231,109,159
53,252,17
167,110,135
113,196,74
185,159,178
166,206,59
127,240,90
98,192,75
207,104,86
131,107,25
159,248,157
141,188,110
157,128,232
244,154,178
16,148,24
201,162,91
15,10,95
160,171,155
243,67,142
41,122,243
8,50,51
135,128,242
180,69,92
74,10,116
75,5,67
106,113,251
61,76,227
179,148,211
104,139,69
246,5,168
222,73,135
29,193,91
210,23,241
27,34,127
235,179,49
35,134,113
250,11,126
141,69,119
25,149,111
117,176,42
210,90,233
185,72,59
200,161,67
249,3,215
172,65,159
114,222,92
71,211,47
78,66,228
153,146,30
156,15,93
156,209,66
142,163,40
48,143,67
12,47,90
7,34,18
159,246,224
190,76,104
40,224,238
75,206,188
110,165,30
175,64,32
59,199,206
101,18,211
1,1,1
42,45,13
183,98,222
199,108,23
33,56,210
136,217,164
164,244,169
31,12,1
188,0,132
208,13,67
69,5,38
222,61,182
206,41,254
215,24,37
204,205,247
191,250,252
34,232,171
90,85,172
150,20,140
170,15,181
85,152,92
67,28,196
171,240,23
185,236,128
236,250,76
217,26,95
15,126,135
2,165,26
13,53,40
101,0,248
105,4,50
72,231,238
49,132,99
250,80,163
1,165,239
152,91,91
158,29,217
60,11,84
114,170,96
53,214,103
102,173,243
226,111,234
164,8,50
129,109,27
38,83,88
164,237,236
114,132,190
215,212,26
100,167,19
205,112,113
187,166,55
235,101,240
21,144,249
152,215,192
81,244,184
230,135,10
194,83,148
252,171,40
177,251,233
146,159,58
96,198,3
16,16,16
204,155,147
38,225,115
108,225,98
167,240,167
180,130,10
147,84,81
110,137,90
3,116,140
222,80,10
219,143,181
76,4,8
164,39,111
92,232,189
3,60,186
50,131,120
203,166,10
215,43,61
125,10,184
73,201,7
150,64,6
6,194,94
219,212,122
109,96,41
201,129,93
42,61,155
123,248,212
27,136,228
83,130,156
139,239,232
14,76,242
172,93,250
16,152,89
110,11,112
162,153,248
118,193,62
163,182,75
166,185,38
97,158,109
213,64,139
68,205,249
86,248,52
246,207,72
129,216,222
142,170,123
125,137,125
163,185,121
237,227,32
145,172,47
45,11,64
16,229,249
109,10,46
137,248,186
18,74,210
234,106,0
130,73,33
78,33,45
102,161,127
195,254,77
63,233,249
201,160,68
65,134,34
69,14,240
119,60,210
53,155,100
70,39,195
92,200,166
149,159,87
15,237,131
229,44,4
84,180,219
180,158,96
8,176,206
196,81,208
102,61,245
18,213,180
88,134,6
170,67,41
176,59,103
100,76,187
145,118,235
79,108,8
4,66,238
151,2,130
38,150,199
46,93,67
252,252,252
235,3,189
75,1,77
235,224,4
43,1,66
6,8,55
61,249,121
199,93,154
195,142,11
196,224,207
3,3,3
109,48,57
202,168,121
74,243,92
96,123,96
231,250,149
221,52,249
234,215,243
122,39,129
228,85,7
219,71,92
1,247,169
174,201,158
75,117,231
248,216,105
190,39,201
240,186,56
162,170,173
63,232,126
201,49,205
252,225,172
86,23,144
214,251,213
163,140,98
169,9,40
198,119,45
181,105,88
150,254,37
0,103,183
219,58,225
25,125,233
182,114,145
151,86,157
111,165,93
215,71,183
130,213,253
156,66,173
248,233,153
59,46,42
156,1,84
228,53,148
71,216,141
80,127,224
25,194,80
207,47,107
176,3,196
42,245,79
201,64,139
4,115,45
9,75,174
244,133,168
89,22,221
248,225,0
211,162,112
188,229,226
84,201,197
228,168,110
254,0,188
121,178,183
243,27,143
23,143,86
59,185,119
201,175,54
29,98,51
13,58,246
208,177,25
153,82,100
4,139,78
99,12,104
167,231,108
56,128,184
35,65,88
54,238,248
23,11,127
215,192,47
65,183,210
142,192,212
134,74,197
34,114,224
157,213,161
28,30,57
152,253,142
50,210,213
233,143,66
220,202,234
13,100,165
197,98,236
88,219,57
23,123,106
59,25,156
68,102,0
2,117,203
145,242,172
241,104,22
27,68,33
74,249,18
88,218,50
26,196,145
148,46,116
114,184,225
13,44,56
155,173,249
200,76,181
19,34,223
29,57,251
7,242,237
201,51,203
80,171,231
126,243,164
23,172,152
13,67,65
4,253,159
83,22,14
100,126,40
215,43,231
12,249,121
77,151,193
92,47,144
240,45,126
19,226,128
114,54,116
149,63,63
161,60,112
125,11,40
216,236,241
149,234,80
222,14,221
224,241,150
210,187,194
52,106,32
91,6,244
125,209,151
117,154,14
248,51,68
222,10,45
152,188,94
222,243,154
150,103,133
55,159,167
123,105,15
23,139,48
54,24,98
123,202,48
45,188,153
130,49,131
224,45,55
97,120,27
72,123,126
39,244,173
162,94,65
241,196,141
200,118,18
169,85,215
209,10,95
32,157,84
121,186,236
83,136,137
213,130,156
20,20,20
115,218,134
171,91,190
154,212,210
105,17,44
36,221,9
183,185,154
80,238,67
150,156,213
27,231,181
236,110,139
228,145,244
35,39,92
87,28,37
150,78,233
114,160,218
2,71,158
231,94,42
120,42,149
169,245,240
220,85,243
19,41,208
64,216,253
221,212,162
81,142,109
55,251,28
0,181,141
63,205,153
0,50,167
187,90,38
106,211,78
42,178,2
143,77,224
222,152,17
72,58,152
29,41,88
150,139,191
191,45,142
183,116,103
136,134,159
54,58,176
47,28,154
185,73,68
227,81,157
29,53,150
50,73,171
54,50,162
206,99,62
31,132,202
10,208,185
15,252,165
147,43,65
90,217,186
189,202,139
209,165,118
218,155,177
143,153,241
216,87,175
80,200,157
45,2,254
175,52,52
43,190,141
159,254,27
3,94,144
196,95,70
193,98,207
219,39,109
9,9,9
253,8,81
254,148,210
220,74,148
249,109,47
38,21,88
156,26,44
54,112,87
88,187,202
187,52,84
4,55,191
62,165,196
22,68,79
73,154,10
249,111,215
213,17,60
188,150,40
181,54,84
174,171,19
1,131,217
78,116,208
228,183,138
106,144,165
93,18,167
216,58,62
52,74,139
19,30,211
87,129,132
26,26,26
166,229,142
148,213,72
187,86,150
144,170,121
74,220,219
95,8,47
164,126,187
8,156,127
224,140,107
150,50,214
63,136,177
28,9,4
230,86,244
226,87,50
24,7,195
103,24,212
207,221,69
160,137,73
220,245,111
3,3,41
93,152,83
199,119,15
198,157,234
147,53,75
60,180,19
181,117,68
23,59,229
225,134,115
141,163,220
206,151,0
251,129,41
228,54,239
201,235,7
185,158,166
109,117,4
32,2,42
178,99,244
223,189,189
5,91,179
209,149,124
114,208,211
14,85,65
95,235,144
154,153,123
11,78,40
144,169,249
119,182,183
215,95,12
10,139,33
166,128,234
14,253,147
174,188,1
250,181,39
237,64,158
198,92,215
138,159,49
152,64,43
223,157,205
222,220,42
57,65,9
124,220,156
64,175,124
174,65,47
37,152,149
123,97,175
243,115,49
217,185,164
44,156,25
213,85,199
217,200,193
102,64,215
133,232,229
143,210,124
4,72,92
19,149,211
5,34,195
75,250,60
34,243,1
242,63,233
223,130,186
208,115,205
202,51,168
146,70,179
38,95,199
252,90,191
106,39,10
108,223,227
199,31,155
247,180,5
121,113,48
97,106,49
155,145,86
205,177,44
66,36,185
234,249,97
3,88,41
182,170,222
142,37,77
190,28,34
100,211,172
96,118,176
29,20,137
225,160,112
24,24,24
39,215,159
17,69,142
76,32,221
157,224,184
230,72,138
63,46,205
6,76,215
107,78,245
242,245,142
244,102,153
229,47,209
39,47,10
40,223,78
180,111,160
201,173,49
92,107,247
67,82,66
216,142,68
55,1,2
200,49,85
139,6,137
234,143,213
185,4,76
228,135,41
233,117,145
161,157,63
199,37,242
252,188,44
13,22,159
1,194,177
37,233,32
232,31,179
174,28,150
149,115,240
57,92,33
162,185,36
51,67,168
216,149,243
131,95,201
212,192,167
26,204,231
34,20,85
94,22,89
169,231,234
130,161,24
107,198,98
125,37,104
12,43,46
122,48,210
136,46,96
159,20,170
124,208,35
21,67,97
235,177,89
229,202,245
22,64,69
140,9,59
75,192,254
153,147,49
59,254,88
146,163,68
30,135,48
73,9,199
197,75,132
207,28,26
141,173,250
121,223,240
34,85,216
52,115,187
8,22,215
185,2,202
11,248,38
174,169,90
43,75,128
70,48,24
229,1,236
44,34,29
3,128,220
132,84,34
187,121,178
234,128,236
179,61,239
131,80,241
173,45,57
216,187,235
163,250,150
13,153,8
174,51,43
219,225,241
2,193,184
184,9,175
233,71,87
222,148,154
218,35,153
180,13,86
254,234,129
75,203,174
111,198,67
180,144,4
12,201,236
6,223,230
71,178,188
143,78,9
28,85,179
248,151,56
66,164,191
105,21,134
15,230,195
80,215,73
189,117,214
251,117,28
58,95,218
112,158,244
198,237,249
38,220,184
48,93,171
41,2,115
163,0,161
166,209,165
109,79,206
135,103,102
95,129,243
76,40,127
95,245,241
192,217,57
118,173,193
184,109,139
199,74,118
252,178,240
18,57,15
121,181,156
22,34,23
141,82,13
248,57,58
249,15,198
95,89,58
80,140,185
7,237,195
215,87,139
85,24,70
238,76,91
122,190,200
145,164,180
33,151,95
253,21,122
231,18,86
117,235,59
12,71,69
165,101,1
208,203,203
83,139,227
80,90,127
180,25,63
182,51,91
77,5,96
249,233,10
168,102,71
245,98,242
167,9,55
122,218,202
131,206,32
201,155,143
157,121,220
69,41,205
147,244,72
98,244,221
42,41,200
237,168,135
58,254,99
29,89,201
182,238,229
18,149,80
106,185,66
231,243,25
89,196,234
217,211,77
128,40,94
106,83,252
130,52,98
221,89,191
85,31,74
56,24,209
107,92,64
119,220,209
63,67,164
188,13,3
203,145,192
99,250,47
45,155,174
155,138,86
33,82,235
27,233,141
218,68,232
132,174,96
118,79,17
130,149,154
183,72,52
238,80,21
231,214,95
118,214,162
128,20,122
72,198,20
138,99,170
17,168,227
68,244,12
38,43,109
55,43,85
155,35,120
60,173,78
105,207,152
125,157,28
29,233,228
231,222,213
185,240,70
163,52,150
27,10,35
124,197,25
128,8,142
106,165,7
191,40,74
224,176,133
62,201,119
142,178,2
227,118,216
59,179,85
89,20,34
27,202,172
222,203,245
70,73,128
40,51,141
81,219,130
169,213,160
167,61,226
162,167,95
66,247,87
116,129,31
65,144,68
164,63,206
70,133,197
117,109,65
213,173,64
89,24,205
186,112,39
7,160,197
1,140,175
252,4,217
69,93,99
205,65,12
230,53,20
129,87,6
132,155,71
68,69,53
210,51,79
159,52,137
202,82,138
218,19,192
100,34,146
183,246,163
102,153,139
126,150,13
21,13,170
36,140,209
119,98,134
79,231,129
180,134,41
238,84,150
45,240,151
155,240,97
212,230,239
120,123,233
187,14,240
211,239,47
243,10,47
216,49,213
237,126,98
132,86,46
147,202,52
167,124,102
83,222,70
69,100,132
90,116,160
104,18,188
35,161,122
219,203,190
6,57,104
50,210,57
231,5,100
137,65,152
241,123,238
5,60,55
218,30,192
249,27,188
51,237,110
240,62,128
69,155,230
201,125,179
106,75,148
51,249,131
223,27,48
97,169,198
208,206,14
187,207,177
182,195,185
249,98,20
65,82,244
134,46,175
9,158,80
150,122,190
44,148,129
111,169,47
111,214,53
154,176,168
161,8,153
119,207,155
144,254,232
60,231,18
1,83,229
95,106,1
46,132,217
240,25,222
115,162,43
206,196,17
124,25,193
227,32,175
146,97,184
18,155,244
68,224,69
53,170,142
143,153,202
174,221,94
91,241,209
188,61,179
195,89,86
148,85,60
52,208,76
56,69,154
221,127,20
206,248,30
83,151,152
27,93,219
245,20,169
249,180,19
62,194,243
144,132,153
178,135,94
166,8,241
124,176,69
122,218,114
93,188,64
68,240,4
64,80,27
83,163,168
114,18,105
219,220,186
43,204,106
126,97,152
77,11,250
91,77,165
114,70,143
54,118,100
236,239,154
191,122,100
94,222,47
207,105,252
233,65,222
82,101,107
170,165,156
136,53,28
200,58,55
21,236,124
62,231,14
152,43,108
203,43,189
93,220,41
12,147,43
242,246,185
242,170,248
180,224,160
233,250,172
188,215,23
85,52,94
189,169,110
76,26,4
39,237,201
135,171,237
37,162,137
245,46,192
222,187,175
166,124,190
137,188,33
81,182,231
70,79,194
103,189,209
207,161,35
58,69,44
163,214,122
63,189,69
14,244,133
29,93,106
137,236,222
160,41,40
215,95,70
65,48,191
121,199,13
100,179,14
176,34,118
122,127,216
31,30,49
172,78,160
8,152,216
244,2,251
220,35,205
71,142,64
159,49,20
77,60,60
55,88,146
88,75,153
226,70,112
237,93,227
159,3,151
50,110,134
169,138,135
207,237,242
10,92,39
48,213,76
68,73,177
241,51,99
230,158,40
91,23,45
90,20,154
130,29,239
75,146,244
197,200,56
193,57,102
119,144,38
52,30,107
49,133,12
105,229,23
248,146,206
1,128,159
112,152,21
174,131,123
192,28,52
134,134,207
107,221,146
220,93,187
139,179,133
25,246,58
240,160,11
241,249,183
84,67,45
53,80,149
220,54,126
249,204,191
163,161,206
180,91,4
245,10,83
200,71,242
83,225,69
234,15,99
140,51,31
108,213,68
56,89,241
45,129,16
76,60,9
249,74,153
242,242,11
144,173,198
219,145,131
177,167,37
229,203,81
17,19,189
253,64,161
180,54,16
60,218,219
157,224,13
150,50,174
167,2,45
90,74,177
63,192,81
67,23,182
182,27,248
137,37,2
185,109,215
173,136,31
30,105,168
228,139,154
26,83,250
105,36,1
11,11,11
131,129,93
30,214,132
220,57,28
3,254,160
165,212,199
61,213,44
37,216,108
40,75,127
85,192,165
188,99,140
206,189,95
7,237,126
207,97,244
105,232,60
194,184,185
200,9,57
120,23,99
244,91,121
6,159,242
107,108,65
227,136,146
28,86,47
93,160,165
60,99,243
58,106,91
12,205,199
177,106,202
49,76,196
190,59,192
194,40,242
90,66,160
165,183,252
12,183,170
98,115,97
79,34,142
225,204,87
34,103,152
225,74,180
249,34,86
208,209,252
202,85,12
158,30,56
203,233,33
58,179,202
118,181,67
189,176,130
234,253,64
47,74,13
87,30,28
137,17,229
213,247,132
179,224,212
136,127,245
226,221,14
242,249,165
67,224,59
215,221,113
124,204,126
186,219,16
34,147,211
8,49,226
21,189,220
128,56,137
182,61,119
67,178,227
193,247,131
139,164,76
36,133,24
69,188,219
184,15,230
23,23,128
73,170,228
130,76,36
67,189,237
170,158,220
153,143,218
127,0,54
235,194,123
148,139,103
17,173,96
110,150,174
79,18,224
215,108,60
35,147,35
252,229,113
128,76,189
246,219,235
74,222,101
109,12,118
237,99,167
32,52,2
224,39,161
162,202,84
216,223,207
221,59,133
102,20,217
5,19,229
242,233,212
188,183,193
70,78,142
184,245,78
23,89,223
192,50,171
194,223,228
30,161,234
239,215,170
105,231,248
190,142,189
49,164,89
177,89,149
88,97,143
187,17,168
198,184,134
227,111,214
55,53,138
4,161,179
215,32,95
218,44,212
51,96,180
142,103,171
202,50,35
160,205,62
46,139,146
150,195,187
254,188,252
108,75,98
234,128,160
236,63,69
53,6,204
0,177,192
214,180,85
214,120,144
189,211,32
154,158,231
130,202,85
33,52,38
70,85,167
15,129,132
90,141,29
195,20,0
65,83,157
162,134,1
245,146,240
184,252,21
20,222,197
59,181,248
210,36,105
205,58,39
248,150,15
37,56,46
237,97,144
160,12,133
56,166,38
241,147,43
157,168,249
234,159,174
170,132,116
195,132,103
8,61,67
145,30,71
141,85,83
152,35,92
186,33,217
120,112,15
171,208,227
253,170,95
39,197,6
216,113,47
66,61,30
2,172,150
79,69,32
226,22,8
244,254,169
125,216,249
139,157,154
190,4,223
74,91,134
107,185,70
80,64,58
161,153,7
117,146,66
0,43,225
29,194,43
34,122,76
19,30,0
131,73,15
168,82,53
88,225,182
175,38,23
35,215,228
179,106,16
123,2,184
60,73,91
252,185,56
3,141,201
219,74,62
120,236,108
169,156,179
191,25,47
248,226,197
247,129,192
153,88,85
139,139,164
218,2,47
202,211,236
59,216,41
160,254,154
29,201,211
250,125,73
122,169,90
92,187,210
101,176,86
225,158,201
116,207,224
77,98,202
219,239,203
44,30,139
8,240,14
66,170,223
76,68,217
123,104,57
108,17,10
42,39,164
135,16,205
238,139,22
73,203,197
209,219,16
157,108,129
120,221,57
238,187,161
45,22,107
166,209,227
202,76,69
253,46,148
120,9,182
135,96,28
44,4,62
33,66,222
189,145,236
38,168,140
193,1,20
218,154,249
125,43,30
69,15,165
38,72,135
125,111,20
16,188,157
22,177,26
187,197,223
48,100,198
80,130,207
106,110,120
174,254,158
7,238,32
16,223,143
195,131,62
14,38,38
250,250,250
242,232,104
243,149,98
229,247,111
220,18,46
55,217,130
195,218,50
26,227,37
241,93,50
52,122,20
141,179,99
210,206,234
153,53,156
9,150,93
173,189,35
230,49,147
203,172,208
83,215,214
103,207,164
162,129,1
175,232,149
22,10,1
102,75,19
81,206,208
250,14,249
248,88,89
15,209,213
145,51,101
199,224,241
84,226,121
137,238,174
94,3,6
213,47,124
230,184,141
105,229,210
101,43,107
221,116,63
189,166,204
74,181,179
224,199,1
154,25,126
173,71,215
21,175,31
186,16,14
167,203,62
170,119,95
94,160,239
67,175,229
25,226,139
247,8,253
21,207,230
213,218,128
173,175,78
67,35,90
46,201,248
87,231,62
223,121,182
248,55,15
91,179,160
38,181,219
11,3,135
86,127,226
47,116,247
204,30,107
33,227,71
14,66,129
141,137,26
163,126,79
85,213,182
240,218,210
55,49,5
51,69,59
180,249,170
108,246,54
81,25,86
188,210,145
140,178,187
239,195,73
55,1,183
183,193,0
188,107,149
23,225,144
100,1,54
65,156,4
211,241,78
29,137,213
241,247,73
97,121,180
22,160,236
212,234,22
163,54,21
155,2,122
54,230,237
146,99,178
76,125,48
42,62,12
163,123,110
223,152,61
121,37,128
53,247,132
230,104,223
218,39,4
141,30,45
254,15,99
24,128,112
172,175,174
113,223,189
169,24,80
29,209,59
150,55,36
137,66,68
117,84,42
84,206,110
28,48,96
140,53,75
178,202,107
1,70,113
67,118,160
80,89,222
34,197,28
157,244,71
158,150,168
105,124,214
29,29,29
129,27,196
188,82,163
45,244,93
54,126,29
102,90,20
59,160,190
18,192,50
13,89,66
247,149,72
35,176,27
90,55,68
179,19,115
214,199,236
16,42,244
192,11,81
138,6,46
14,128,98
74,42,194
245,7,95
216,117,20
190,201,202
85,117,238
50,49,39
141,107,213
105,66,152
191,28,185
167,110,212
21,36,134
140,139,148
20,110,160
141,160,57
19,249,238
157,136,65
180,109,143
239,22,103
19,170,4
207,89,231
29,251,140
22,226,224
154,228,59
208,217,128
224,213,178
173,13,211
191,13,19
220,122,205
34,235,161
110,37,87
226,196,24
14,196,29
118,249,153
89,180,187
26,4,250
246,164,29
42,254,23
158,112,54
202,53,78
87,148,42
6,149,209
176,172,70
238,116,114
238,100,167
235,197,125
185,101,48
32,194,23
29,144,62
24,133,223
21,114,171
218,82,77
230,131,64
79,226,43
153,154,24
214,209,144
151,220,254
196,230,7
96,102,117
37,182,233
167,172,37
159,154,2
15,29,75
35,197,172
149,92,227
110,29,3
159,166,91
28,26,74
201,202,38
53,123,80
144,233,199
156,212,105
95,133,30
203,2,127
211,136,77
190,73,191
191,250,42
77,116,86
4,192,10
235,222,85
62,81,3
168,190,32
218,227,151
190,200,235
214,66,248
91,20,5
160,11,167
124,39,124
243,243,243
254,254,254
50,152,108
72,191,249
36,11,146
50,49,111
150,95,211
147,178,166
103,22,23
170,97,205
225,41,84
154,229,208
122,40,228
2,93,227
243,210,219
10,214,23
209,10,55
211,104,175
240,4,92
151,141,236
50,97,223
65,143,15
121,106,76
40,92,29
148,190,177
244,92,246
173,1,92
23,23,23
95,34,139
246,253,105
191,42,172
67,6,95
53,42,252
31,250,221
193,215,30
114,136,206
176,231,77
99,82,102
224,218,28
203,40,161
109,222,148
170,124,243
190,254,52
245,88,221
100,228,77
86,218,147
179,46,13
82,112,61
122,221,132
97,181,132
228,64,88
187,54,80
195,131,27
44,215,109
73,161,124
72,218,182
150,166,140
59,121,70
91,74,223
239,173,169
179,108,104
55,192,161
128,75,238
155,171,32
194,48,185
162,201,155
133,153,86
191,116,25
247,165,79
39,180,217
230,161,233
188,98,92
212,170,225
198,249,4
171,225,249
197,244,125
150,242,18
124,30,141
18,45,79
145,80,182
83,173,172
103,233,82
151,142,10
23,159,174
39,181,102
126,89,180
79,184,63
62,160,65
115,233,181
246,83,173
165,74,83
202,57,39
22,99,131
184,200,164
72,243,220
221,33,25
12,15,218
224,60,140
21,51,171
222,10,80
215,142,209
51,133,117
36,92,51
43,40,69
234,126,74
6,19,34
9,212,40
36,248,210
179,187,24
252,198,150
235,122,171
138,214,179
107,16,191
2,198,230
225,34,95
167,10,69
254,98,51
76,141,210
243,172,225
177,230,249
1,33,230
34,12,205
6,49,54
135,239,99
205,6,230
115,59,95
156,201,205
98,118,236
135,206,156
74,239,117
189,148,192
56,191,175
178,98,130
82,154,156
129,3,158
104,217,49
30,72,125
2,7,204
99,29,41
151,157,194
98,178,171
137,122,143
201,171,114
31,43,241
189,77,99
28,7,85
120,202,150
105,254,165
68,43,252
7,19,248
72,153,154
213,60,206
190,223,111
23,235,195
221,188,116
138,28,90
204,188,6
51,193,130
184,71,242
22,113,11
245,1,43
188,175,34
100,126,200
45,216,247
198,154,203
180,130,236
164,66,244
201,187,127
23,119,227
142,22,201
44,123,80
83,233,103
206,147,64
213,237,85
230,22,139
140,34,27
9,47,30
181,248,15
105,47,34
32,114,134
239,8,242
17,39,123
71,17,91
131,15,126
246,199,182
27,203,177
244,44,72
165,11,236
20,117,11
252,73,191
72,91,229
87,99,201
5,180,204
72,18,219
37,226,185
163,66,26
248,118,171
34,36,215
35,121,220
185,115,138
96,187,119
214,223,224
131,165,15
119,90,122
117,93,96
132,110,19
230,93,43
55,118,237
110,235,19
83,117,70
208,242,42
209,57,132
246,246,246
94,211,236
138,108,26
66,135,188
179,229,184
23,83,91
2,196,140
106,165,139
118,78,102
69,109,9
88,9,72
252,99,182
117,145,46
61,127,159
185,52,44
240,206,72
141,214,206
131,97,60
7,7,99
41,5,1
203,34,242
186,93,30
252,52,27
200,237,218
179,244,226
33,69,68
128,178,183
67,10,188
125,221,128
20,230,66
135,166,203
162,194,204
149,52,5
97,227,186
35,142,53
0,241,56
87,82,238
184,195,48
72,45,236
191,63,117
87,17,243
62,101,139
191,137,89
130,106,62
218,202,42
152,42,27
197,92,168
7,180,143
159,248,9
11,79,74
229,90,172
186,37,140
183,222,82
9,178,213
197,69,2
63,249,132
223,50,237
109,209,240
244,244,244
100,190,123
182,48,180
48,221,202
248,244,33
5,5,5
80,190,29
102,68,109
84,139,176
103,27,69
150,76,113
8,153,205
46,111,229
190,243,56
118,100,170
240,249,177
177,215,121
40,137,95
65,118,189
50,248,20
65,208,86
73,79,221
157,243,132
120,244,253
115,125,178
65,5,219
203,115,70
166,189,44
48,219,6
68,251,95
213,28,59
13,112,247
162,24,143
140,252,20
159,152,91
124,214,212
77,53,19
104,142,74
139,67,74
211,211,217
57,251,218
68,145,62
223,87,18
2,2,2
234,146,147
117,113,197
103,121,17
22,150,105
51,92,204
16,199,4
73,71,31
190,89,168
183,221,58
50,167,8
7,7,7
26,126,244
186,121,235
9,238,55
228,199,6
97,11,136
183,4,229
147,3,30
44,83,131
9,112,48
214,224,154
15,77,233
245,238,156
38,197,107
12,189,62
21,147,125
20,189,65
224,117,3
146,224,210
108,161,225
193,15,49
169,47,254
95,3,25
164,65,76
38,222,179
233,50,164
83,7,84
227,105,138
17,17,17
228,207,210
47,213,132
75,29,127
7,182,75
235,167,182
195,110,19
15,15,15
212,243,175
56,145,155
139,20,229
69,244,74
222,182,132
137,102,26
113,206,205
215,173,31
80,95,201
5,248,149
158,213,187
107,71,222
19,249,140
201,157,44
37,236,19
102,252,124
20,240,35
83,187,246
4,248,18
12,150,194
119,253,18
122,183,184
108,230,167
15,29,231
42,227,207
77,203,124
104,214,190
162,49,30
174,233,91
110,141,238
39,234,218
223,128,58
31,197,3
161,4,13
247,89,38
170,240,237
145,118,113
82,181,56
218,122,207
63,115,142
59,19,237
224,187,214
18,113,223
175,60,139
60,209,107
104,32,142
154,12,21
181,171,2
51,23,72
64,136,152
133,28,193
36,81,59
87,68,232
34,215,7
96,117,57
131,107,11
183,89,250
129,58,138
106,127,121
73,60,56
143,146,218
95,65,156
89,90,176
53,202,55
40,191,78
20,147,13
56,165,143
34,88,52
70,216,102
228,189,184
133,235,21
13,146,186
16,195,178
133,113,4
213,152,13
68,232,25
115,43,236
101,40,153
44,192,240
244,184,77
9,228,206
80,39,91
94,23,9
30,26,94
109,239,187
87,220,123
163,91,168
168,219,191
7,181,11
169,10,58
133,40,27
215,34,35
66,193,184
159,128,209
128,21,104
17,3,91
229,22,242
80,156,48
95,242,185
0,125,16
234,215,245
160,172,69
137,190,253
211,215,121
70,5,176
81,172,102
54,66,71
195,108,18
190,120,46
240,20,84
129,227,54
33,2,103
51,247,229
245,34,34
187,42,49
219,169,9
120,57,31
46,239,53
50,157,15
247,53,94
247,162,39
74,238,155
104,31,223
6,57,52
167,24,220
197,192,164
173,142,241
157,156,2
63,224,164
6,6,6
145,1,253
230,14,87
122,176,158
111,135,121
122,118,182
137,164,146
103,173,158
18,167,3
213,149,162
213,50,198
132,61,161
119,147,60
252,159,168
143,7,112
200,240,87
97,191,175
42,8,85
162,159,216
138,48,233
9,46,248
141,244,244
